{"cameraMode":{"drawMode":0,"name":"Shaded","section":"Shading Mode"},"sceneLighting":false,"audioPlay":false,"sceneViewState":{"m_AlwaysRefresh":false,"showFog":true,"showSkybox":false,"showFlares":true,"showImageEffects":true,"showParticleSystems":true,"showVisualEffectGraphs":true,"m_FxEnabled":true},"in2DMode":false,"pivot":{"x":-1.6670000553131104,"y":-3.190999984741211,"z":-0.20000000298023225},"rotation":{"x":-0.1256820112466812,"y":0.06750235706567764,"z":-0.008571854792535305,"w":-0.9897345900535584},"size":0.7965356111526489,"orthographic":false}